identifier,identifier_diary,name,date,regions
1,17,27-2-'41.,1941-02-27,"0002_urn-gvn-EVDO01-IIAV002_IAV001000041-large_02.xml region_1711488401981_207
0002_urn-gvn-EVDO01-IIAV002_IAV001000041-large_02.xml r_525
0003_urn-gvn-EVDO01-IIAV002_IAV001000041-large_03.xml r
0003_urn-gvn-EVDO01-IIAV002_IAV001000041-large_03.xml r_18
0003_urn-gvn-EVDO01-IIAV002_IAV001000041-large_04.xml region_1711636109553_115
0003_urn-gvn-EVDO01-IIAV002_IAV001000041-large_04.xml region_1711636017995_96
0003_urn-gvn-EVDO01-IIAV002_IAV001000041-large_04.xml tr_2"
2,17,6 maart 1941.,1941-03-06,"0005_urn-gvn-EVDO01-IIAV002_IAV001000041-large_05.xml region_1711488671951_246
0005_urn-gvn-EVDO01-IIAV002_IAV001000041-large_05.xml tr_1
0005_urn-gvn-EVDO01-IIAV002_IAV001000041-large_05.xml tr_2
0006_urn-gvn-EVDO01-IIAV002_IAV001000041-large_06.xml r
0006_urn-gvn-EVDO01-IIAV002_IAV001000041-large_06.xml r_9"
3,17,19 Maart '41.,1941-03-19,"0006_urn-gvn-EVDO01-IIAV002_IAV001000041-large_06.xml r_27
0006_urn-gvn-EVDO01-IIAV002_IAV001000041-large_06.xml r_36
0007_urn-gvn-EVDO01-IIAV002_IAV001000041-large_07.xml r_45"
4,17,25-3-'41.,1941-03-25,"0007_urn-gvn-EVDO01-IIAV002_IAV001000041-large_07.xml r_9
0007_urn-gvn-EVDO01-IIAV002_IAV001000041-large_07.xml r_54
0007_urn-gvn-EVDO01-IIAV002_IAV001000041-large_07.xml r_18
0008_urn-gvn-EVDO01-IIAV002_IAV001000041-large_08.xml r"
5,5,,,"0002_urn-gvn-EVDO01-IIAV002_IAV001000031-large_02.xml r
0002_urn-gvn-EVDO01-IIAV002_IAV001000031-large_02.xml r_47
0002_urn-gvn-EVDO01-IIAV002_IAV001000031-large_02.xml r_57
0002_urn-gvn-EVDO01-IIAV002_IAV001000031-large_02.xml tr_1"
6,5,Waarom ik dit boek schrijf,1944-08,"0003_urn-gvn-EVDO01-IIAV002_IAV001000031-large_03.xml r
0003_urn-gvn-EVDO01-IIAV002_IAV001000031-large_03.xml r_5
0003_urn-gvn-EVDO01-IIAV002_IAV001000031-large_03.xml r_10
0003_urn-gvn-EVDO01-IIAV002_IAV001000031-large_03.xml r_20
0003_urn-gvn-EVDO01-IIAV002_IAV001000031-large_03.xml r_15
0003_urn-gvn-EVDO01-IIAV002_IAV001000031-large_03.xml r_41"
7,5,Ik hou wél van kinderen.,1944-10,"0004_urn-gvn-EVDO01-IIAV002_IAV001000031-large_04.xml r_3389
0004_urn-gvn-EVDO01-IIAV002_IAV001000031-large_04.xml r
0004_urn-gvn-EVDO01-IIAV002_IAV001000031-large_04.xml r_2279
0004_urn-gvn-EVDO01-IIAV002_IAV001000031-large_04.xml r_3402
0004_urn-gvn-EVDO01-IIAV002_IAV001000031-large_04.xml r_3403
0005_urn-gvn-EVDO01-IIAV002_IAV001000031-large_05.xml r
0005_urn-gvn-EVDO01-IIAV002_IAV001000031-large_05.xml r_2741"
8,5,Een brief,1944-11-05,"0005_urn-gvn-EVDO01-IIAV002_IAV001000031-large_05.xml r_6748
0005_urn-gvn-EVDO01-IIAV002_IAV001000031-large_05.xml r_4231
0005_urn-gvn-EVDO01-IIAV002_IAV001000031-large_05.xml r_5497
0005_urn-gvn-EVDO01-IIAV002_IAV001000031-large_05.xml r_5498"
9,5,Een netelige situatie,,"0006_urn-gvn-EVDO01-IIAV002_IAV001000031-large_06.xml r
0006_urn-gvn-EVDO01-IIAV002_IAV001000031-large_06.xml r_53
0006_urn-gvn-EVDO01-IIAV002_IAV001000031-large_06.xml r_54
0006_urn-gvn-EVDO01-IIAV002_IAV001000031-large_06.xml r_55"
10,5,Les nouvelles botinnes,1944-11,"0007_urn-gvn-EVDO01-IIAV002_IAV001000031-large_07.xml r
0007_urn-gvn-EVDO01-IIAV002_IAV001000031-large_07.xml tr_1"
11,5,Ik ben een held,1945-04,"0009_urn-gvn-EVDO01-IIAV002_IAV001000031-large_09.xml r
0009_urn-gvn-EVDO01-IIAV002_IAV001000031-large_09.xml r_58
0009_urn-gvn-EVDO01-IIAV002_IAV001000031-large_09.xml r_88
0009_urn-gvn-EVDO01-IIAV002_IAV001000031-large_09.xml r_97
0009_urn-gvn-EVDO01-IIAV002_IAV001000031-large_09.xml r_106
0009_urn-gvn-EVDO01-IIAV002_IAV001000031-large_09.xml r_115
0009_urn-gvn-EVDO01-IIAV002_IAV001000031-large_09.xml r_124
0009_urn-gvn-EVDO01-IIAV002_IAV001000031-large_09.xml r_371
0009_urn-gvn-EVDO01-IIAV002_IAV001000031-large_09.xml r_380
0009_urn-gvn-EVDO01-IIAV002_IAV001000031-large_09.xml r_701
0009_urn-gvn-EVDO01-IIAV002_IAV001000031-large_09.xml r_710
0009_urn-gvn-EVDO01-IIAV002_IAV001000031-large_09.xml r_828
0009_urn-gvn-EVDO01-IIAV002_IAV001000031-large_09.xml r_841"
12,5,N.Z. Voorburgwal,1945-06,"0010_urn-gvn-EVDO01-IIAV002_IAV001000031-large_10.xml r
0010_urn-gvn-EVDO01-IIAV002_IAV001000031-large_10.xml r_5"
13,5,,,0011_urn-gvn-EVDO01-IIAV002_IAV001000031-large_11.xml r
14,5,Ik ben een held (II),,"0012_urn-gvn-EVDO01-IIAV002_IAV001000031-large_12.xml r_18
0012_urn-gvn-EVDO01-IIAV002_IAV001000031-large_12.xml r_64
0012_urn-gvn-EVDO01-IIAV002_IAV001000031-large_12.xml r_73
0012_urn-gvn-EVDO01-IIAV002_IAV001000031-large_12.xml r_82
0012_urn-gvn-EVDO01-IIAV002_IAV001000031-large_12.xml r_91
0012_urn-gvn-EVDO01-IIAV002_IAV001000031-large_12.xml r_100
0012_urn-gvn-EVDO01-IIAV002_IAV001000031-large_12.xml r_109
0012_urn-gvn-EVDO01-IIAV002_IAV001000031-large_12.xml r_120
0012_urn-gvn-EVDO01-IIAV002_IAV001000031-large_12.xml r_131
0013_urn-gvn-EVDO01-IIAV002_IAV001000031-large_13.xml r
0013_urn-gvn-EVDO01-IIAV002_IAV001000031-large_13.xml r_18
0013_urn-gvn-EVDO01-IIAV002_IAV001000031-large_13.xml r_9
0013_urn-gvn-EVDO01-IIAV002_IAV001000031-large_13.xml r_133
0013_urn-gvn-EVDO01-IIAV002_IAV001000031-large_13.xml r_142
0013_urn-gvn-EVDO01-IIAV002_IAV001000031-large_13.xml r_151
0013_urn-gvn-EVDO01-IIAV002_IAV001000031-large_13.xml r_160"
15,16,,1940-09-09,"0002_urn-gvn-EVDO01-IIAV002_IAV001000040-large_02.xml	r
0003_urn-gvn-EVDO01-IIAV002_IAV001000040-large_03.xml	r
0003_urn-gvn-EVDO01-IIAV002_IAV001000040-large_03.xml	r_9
0004_urn-gvn-EVDO01-IIAV002_IAV001000040-large_04.xml	tr_1
0004_urn-gvn-EVDO01-IIAV002_IAV001000040-large_04.xml	tr_2
0005_urn-gvn-EVDO01-IIAV002_IAV001000040-large_05.xml	r
0005_urn-gvn-EVDO01-IIAV002_IAV001000040-large_05.xml	r_18"
16,16,,1940-09-11,"0005_urn-gvn-EVDO01-IIAV002_IAV001000040-large_05.xml	r_27
0005_urn-gvn-EVDO01-IIAV002_IAV001000040-large_05.xml	r_36
0006_urn-gvn-EVDO01-IIAV002_IAV001000040-large_06.xml	r_1694
0006_urn-gvn-EVDO01-IIAV002_IAV001000040-large_06.xml	r_1693
0006_urn-gvn-EVDO01-IIAV002_IAV001000040-large_06.xml	r_2533"
17,16,12 Sept.,1940-09-12,"0006_urn-gvn-EVDO01-IIAV002_IAV001000040-large_06.xml	r_28
0006_urn-gvn-EVDO01-IIAV002_IAV001000040-large_06.xml	r_2534
0007_urn-gvn-EVDO01-IIAV002_IAV001000040-large_07.xml	r
0007_urn-gvn-EVDO01-IIAV002_IAV001000040-large_07.xml	r_18
0008_urn-gvn-EVDO01-IIAV002_IAV001000040-large_08.xml	tr_1
0008_urn-gvn-EVDO01-IIAV002_IAV001000040-large_08.xml	r"
18,16,13 Sept.,1940-09-13,"0008_urn-gvn-EVDO01-IIAV002_IAV001000040-large_08.xml	r_2870
0008_urn-gvn-EVDO01-IIAV002_IAV001000040-large_08.xml	r_2250
0009_urn-gvn-EVDO01-IIAV002_IAV001000040-large_09.xml	r_3178"
19,16,15 S.,1940-09-15,"0009_urn-gvn-EVDO01-IIAV002_IAV001000040-large_09.xml	r_1582
0009_urn-gvn-EVDO01-IIAV002_IAV001000040-large_09.xml	r_3179
0009_urn-gvn-EVDO01-IIAV002_IAV001000040-large_09.xml	r_1579"
20,16,17 S.,1940-09-17,"0009_urn-gvn-EVDO01-IIAV002_IAV001000040-large_09.xml	r_2358
0009_urn-gvn-EVDO01-IIAV002_IAV001000040-large_09.xml	r_1580
0010_urn-gvn-EVDO01-IIAV002_IAV001000040-large_10.xml	r_11
0010_urn-gvn-EVDO01-IIAV002_IAV001000040-large_10.xml	r_29
0011_urn-gvn-EVDO01-IIAV002_IAV001000040-large_11.xml	r_1633"
21,16,18.S,1940-09-18,"0011_urn-gvn-EVDO01-IIAV002_IAV001000040-large_11.xml	r_10
0011_urn-gvn-EVDO01-IIAV002_IAV001000040-large_11.xml	r_1632
0011_urn-gvn-EVDO01-IIAV002_IAV001000040-large_11.xml	r_2442"
22,16,19.,1940-09-19,"0011_urn-gvn-EVDO01-IIAV002_IAV001000040-large_11.xml	r_19
0011_urn-gvn-EVDO01-IIAV002_IAV001000040-large_11.xml	r_2441
0012_urn-gvn-EVDO01-IIAV002_IAV001000040-large_12.xml	r"
23,16,23 S.,1940-09-23,"0012_urn-gvn-EVDO01-IIAV002_IAV001000040-large_12.xml	r_2173
0012_urn-gvn-EVDO01-IIAV002_IAV001000040-large_12.xml	r_2174
0012_urn-gvn-EVDO01-IIAV002_IAV001000040-large_12.xml	r_2485
0012_urn-gvn-EVDO01-IIAV002_IAV001000040-large_12.xml	r_2486
0013_urn-gvn-EVDO01-IIAV002_IAV001000040-large_13.xml	r
0013_urn-gvn-EVDO01-IIAV002_IAV001000040-large_13.xml	r_4605"
24,16,28.,1940-09-28,"0013_urn-gvn-EVDO01-IIAV002_IAV001000040-large_13.xml	r_2196
0013_urn-gvn-EVDO01-IIAV002_IAV001000040-large_13.xml	r_4606
0013_urn-gvn-EVDO01-IIAV002_IAV001000040-large_13.xml	r_2208
0013_urn-gvn-EVDO01-IIAV002_IAV001000040-large_13.xml	r_2754
0013_urn-gvn-EVDO01-IIAV002_IAV001000040-large_13.xml	r_3486
0013_urn-gvn-EVDO01-IIAV002_IAV001000040-large_13.xml	r_4072
0013_urn-gvn-EVDO01-IIAV002_IAV001000040-large_13.xml	r_4427"
25,16,2 Oct.,1940-10-02,"0014_urn-gvn-EVDO01-IIAV002_IAV001000040-large_14.xml	r
0014_urn-gvn-EVDO01-IIAV002_IAV001000040-large_14.xml	r_9
0014_urn-gvn-EVDO01-IIAV002_IAV001000040-large_14.xml	r_28"
26,16,7 Oct.,1940-10-07,"0014_urn-gvn-EVDO01-IIAV002_IAV001000040-large_14.xml	r_38
0014_urn-gvn-EVDO01-IIAV002_IAV001000040-large_14.xml	r_47
0015_urn-gvn-EVDO01-IIAV002_IAV001000040-large_15.xml	r
0015_urn-gvn-EVDO01-IIAV002_IAV001000040-large_15.xml	r_18
0016_urn-gvn-EVDO01-IIAV002_IAV001000040-large_16.xml	r
0016_urn-gvn-EVDO01-IIAV002_IAV001000040-large_16.xml	r_1715"
27,16,8 Oct.,1940-10-08,"0016_urn-gvn-EVDO01-IIAV002_IAV001000040-large_16.xml	r_28
0016_urn-gvn-EVDO01-IIAV002_IAV001000040-large_16.xml	r_1714
0017_urn-gvn-EVDO01-IIAV002_IAV001000040-large_17.xml	r_1653"
28,16,14 Oct.,1940-10-14,"0017_urn-gvn-EVDO01-IIAV002_IAV001000040-large_17.xml	r_4734
0017_urn-gvn-EVDO01-IIAV002_IAV001000040-large_17.xml	r_1652
0017_urn-gvn-EVDO01-IIAV002_IAV001000040-large_17.xml	r_3893"
29,16,29 Oct.,1940-10-29,"0017_urn-gvn-EVDO01-IIAV002_IAV001000040-large_17.xml	r_4743
0017_urn-gvn-EVDO01-IIAV002_IAV001000040-large_17.xml	r_3892
0018_urn-gvn-EVDO01-IIAV002_IAV001000040-large_18.xml	r
0018_urn-gvn-EVDO01-IIAV002_IAV001000040-large_18.xml	r_1656"
30,16,5 Nov.,1940-11-05,"0018_urn-gvn-EVDO01-IIAV002_IAV001000040-large_18.xml	r_28
0018_urn-gvn-EVDO01-IIAV002_IAV001000040-large_18.xml	r_1655
0019_urn-gvn-EVDO01-IIAV002_IAV001000040-large_19.xml	r
0019_urn-gvn-EVDO01-IIAV002_IAV001000040-large_19.xml	r_18"
31,16,15 nov,1940-11-15,"0020_urn-gvn-EVDO01-IIAV002_IAV001000040-large_20.xml	r_1598
0020_urn-gvn-EVDO01-IIAV002_IAV001000040-large_20.xml	r_18
0020_urn-gvn-EVDO01-IIAV002_IAV001000040-large_20.xml	r_36
0021_urn-gvn-EVDO01-IIAV002_IAV001000040-large_21.xml	r"
32,16,25.,1940-11-25,"0021_urn-gvn-EVDO01-IIAV002_IAV001000040-large_21.xml	r_18
0021_urn-gvn-EVDO01-IIAV002_IAV001000040-large_21.xml	r_27
0022_urn-gvn-EVDO01-IIAV002_IAV001000040-large_22.xml	r_9
0022_urn-gvn-EVDO01-IIAV002_IAV001000040-large_22.xml	r_27"
33,16,30 nov,1940-11-30,"0023_urn-gvn-EVDO01-IIAV002_IAV001000040-large_23.xml	r_1695
0023_urn-gvn-EVDO01-IIAV002_IAV001000040-large_23.xml	r_11
0023_urn-gvn-EVDO01-IIAV002_IAV001000040-large_23.xml	r_29
0024_urn-gvn-EVDO01-IIAV002_IAV001000040-large_24.xml	r_2699
0024_urn-gvn-EVDO01-IIAV002_IAV001000040-large_24.xml	r"
34,16,18 Dec.,1940-12-18,"0024_urn-gvn-EVDO01-IIAV002_IAV001000040-large_24.xml	r_3874
0024_urn-gvn-EVDO01-IIAV002_IAV001000040-large_24.xml	r_3465
0025_urn-gvn-EVDO01-IIAV002_IAV001000040-large_25.xml	r
0025_urn-gvn-EVDO01-IIAV002_IAV001000040-large_25.xml	r_1698
0025_urn-gvn-EVDO01-IIAV002_IAV001000040-large_25.xml	r_1697
0026_urn-gvn-EVDO01-IIAV002_IAV001000040-large_26.xml	r
0026_urn-gvn-EVDO01-IIAV002_IAV001000040-large_26.xml	r_9"
35,16,13.,1941-01-13,"0029_urn-gvn-EVDO01-IIAV002_IAV001000040-large_29.xml	r_18
0029_urn-gvn-EVDO01-IIAV002_IAV001000040-large_29.xml	r_9
0029_urn-gvn-EVDO01-IIAV002_IAV001000040-large_29.xml	r_36
0030_urn-gvn-EVDO01-IIAV002_IAV001000040-large_30.xml	r
0030_urn-gvn-EVDO01-IIAV002_IAV001000040-large_30.xml	r_28"
36,16,14 Jan 1941.,1941-01-14,"0031_urn-gvn-EVDO01-IIAV002_IAV001000040-large_31.xml	r
0031_urn-gvn-EVDO01-IIAV002_IAV001000040-large_31.xml	r_9"
37,16,21. Jan.,1941-01-21,"0031_urn-gvn-EVDO01-IIAV002_IAV001000040-large_31.xml	r_18
0031_urn-gvn-EVDO01-IIAV002_IAV001000040-large_31.xml	r_28
0031_urn-gvn-EVDO01-IIAV002_IAV001000040-large_31.xml	r_46
0032_urn-gvn-EVDO01-IIAV002_IAV001000040-large_32.xml	r
0032_urn-gvn-EVDO01-IIAV002_IAV001000040-large_32.xml	r_18"
38,16,4 Febr.,1941-02-04,"0032_urn-gvn-EVDO01-IIAV002_IAV001000040-large_32.xml	r_27
0032_urn-gvn-EVDO01-IIAV002_IAV001000040-large_32.xml	r_37
0033_urn-gvn-EVDO01-IIAV002_IAV001000040-large_33.xml	r
0033_urn-gvn-EVDO01-IIAV002_IAV001000040-large_33.xml	r_9
0033_urn-gvn-EVDO01-IIAV002_IAV001000040-large_33.xml	r_28
0034_urn-gvn-EVDO01-IIAV002_IAV001000040-large_34.xml	r_2"
39,11,20 Nov. Groningen Mittwoch 1929.,1929-11-20,"0005_KLAO00764000005.xml	r_18
0005_KLAO00764000005.xml	r_27
0005_KLAO00764000005.xml	r_2449"
40,11,Sonnabend. 16. Nov.,1929-11-16,"0005_KLAO00764000005.xml	r
0005_KLAO00764000005.xml	r_3751"
41,11,Sonntag. 17. Nov. 1929.,1929-11-17,"0005_KLAO00764000005.xml	r_3088
0005_KLAO00764000005.xml	r_3750
0006_KLAO00764000006.xml	r
0006_KLAO00764000006.xml	r_9
0007_KLAO00764000007.xml	r
0007_KLAO00764000007.xml	r_2661
0007_KLAO00764000007.xml	r_2660"
42,11,Dienstag:,1929-11-19,"0007_KLAO00764000007.xml	r_3867
0007_KLAO00764000007.xml	r_2656
0008_KLAO00764000008.xml	r"
43,11,15 Nov. 1938.,1938-11-15,"0016_KLAO00764000016.xml	r_691
0016_KLAO00764000016.xml	r_700
0017_KLAO00764000017.xml	r_2014
0017_KLAO00764000017.xml	r_2023"
44,11,5. Dezember.,1938-12-05,"0018_KLAO00764000018.xml	r
0018_KLAO00764000018.xml	r_9
0018_KLAO00764000018.xml	r_2335
0018_KLAO00764000018.xml	r_3541
0018_KLAO00764000018.xml	r_3540
0019_KLAO00764000019.xml	r_2329
0019_KLAO00764000019.xml	r_2328
0019_KLAO00764000019.xml	r_2332
0019_KLAO00764000019.xml	r
0020_KLAO00764000020.xml	r_1851
0020_KLAO00764000020.xml	r_1850
0020_KLAO00764000020.xml	r_9"
45,11,Eduard Laqueur in lab.,,"0032_KLAO00764000032.xml	r
0033_KLAO00764000033.xml	r
0033_KLAO00764000033.xml	r_9"
46,11,,,0034_KLAO00764000034.xml r
47,11,,,0035_KLAO00764000035.xml r
48,11,Prof. Dr. I. Snapper naar China,1938-12-23,"0036_KLAO00764000036.xml	r
0037_KLAO00764000037.xml	r"
49,4,Het blauw-boek,,0002_urn-gvn-EVDO01-IIAV002_IAV001000030-large_02.xml tr_1
50,4,Boek tot bevordering en tevens voeding der Egocentriciteit,1944-06,"0003_urn-gvn-EVDO01-IIAV002_IAV001000030-large_03.xml	r	visual
0003_urn-gvn-EVDO01-IIAV002_IAV001000030-large_03.xml	r_535	caption
0003_urn-gvn-EVDO01-IIAV002_IAV001000030-large_03.xml	r_1076	heading
0003_urn-gvn-EVDO01-IIAV002_IAV001000030-large_03.xml	r_1077	paragraph
0004_urn-gvn-EVDO01-IIAV002_IAV001000030-large_04.xml	tr_1	paragraph
0004_urn-gvn-EVDO01-IIAV002_IAV001000030-large_04.xml	r	visual
0004_urn-gvn-EVDO01-IIAV002_IAV001000030-large_04.xml	tr_2	paragraph
0005_urn-gvn-EVDO01-IIAV002_IAV001000030-large_05.xml	tr_2	paragraph
0005_urn-gvn-EVDO01-IIAV002_IAV001000030-large_05.xml	r_736	visual
0005_urn-gvn-EVDO01-IIAV002_IAV001000030-large_05.xml	tr_3	paragraph
0005_urn-gvn-EVDO01-IIAV002_IAV001000030-large_05.xml	tr_1	paragraph
0005_urn-gvn-EVDO01-IIAV002_IAV001000030-large_05.xml	r_1309	visual"
51,4,De dood van den ander,,0006_urn-gvn-EVDO01-IIAV002_IAV001000030-large_06.xml r
52,4,Overpeinzingen in het Vondelpark.,1944-10-30,"0006_urn-gvn-EVDO01-IIAV002_IAV001000030-large_06.xml	r_829
0006_urn-gvn-EVDO01-IIAV002_IAV001000030-large_06.xml	r_830
0006_urn-gvn-EVDO01-IIAV002_IAV001000030-large_06.xml	r_783
0007_urn-gvn-EVDO01-IIAV002_IAV001000030-large_07.xml	r_761"
53,4,Mijn verloofde komt op visite,1944-10-31,"0007_urn-gvn-EVDO01-IIAV002_IAV001000030-large_07.xml	r_1997
0007_urn-gvn-EVDO01-IIAV002_IAV001000030-large_07.xml	r_1996
0007_urn-gvn-EVDO01-IIAV002_IAV001000030-large_07.xml	r
0007_urn-gvn-EVDO01-IIAV002_IAV001000030-large_07.xml	r_773
0007_urn-gvn-EVDO01-IIAV002_IAV001000030-large_07.xml	r_800
0007_urn-gvn-EVDO01-IIAV002_IAV001000030-large_07.xml	r_783
0007_urn-gvn-EVDO01-IIAV002_IAV001000030-large_07.xml	r_795
0008_urn-gvn-EVDO01-IIAV002_IAV001000030-large_08.xml	r
0008_urn-gvn-EVDO01-IIAV002_IAV001000030-large_08.xml	r_2198
0008_urn-gvn-EVDO01-IIAV002_IAV001000030-large_08.xml	r_723"
54,4,Ma fenêtre est ouverte,1944-07,"0008_urn-gvn-EVDO01-IIAV002_IAV001000030-large_08.xml	r_742
0008_urn-gvn-EVDO01-IIAV002_IAV001000030-large_08.xml	r_737"
55,4,Vue de mon bureau,1944-08,"0009_urn-gvn-EVDO01-IIAV002_IAV001000030-large_09.xml	r_21
0009_urn-gvn-EVDO01-IIAV002_IAV001000030-large_09.xml	r"
56,4,I didn't know what time it was,,"0010_urn-gvn-EVDO01-IIAV002_IAV001000030-large_10.xml	r_79
0010_urn-gvn-EVDO01-IIAV002_IAV001000030-large_10.xml	r_74
0010_urn-gvn-EVDO01-IIAV002_IAV001000030-large_10.xml	r_69"
57,4,"Vondelpark, Rosarium",1944-10-29,"0010_urn-gvn-EVDO01-IIAV002_IAV001000030-large_10.xml	r_63
0010_urn-gvn-EVDO01-IIAV002_IAV001000030-large_10.xml	r"
58,4,Lastige buren,1944-10,"0011_urn-gvn-EVDO01-IIAV002_IAV001000030-large_11.xml	r
0011_urn-gvn-EVDO01-IIAV002_IAV001000030-large_11.xml	r_150
0011_urn-gvn-EVDO01-IIAV002_IAV001000030-large_11.xml	r_155
0011_urn-gvn-EVDO01-IIAV002_IAV001000030-large_11.xml	r_160
0011_urn-gvn-EVDO01-IIAV002_IAV001000030-large_11.xml	r_165
0011_urn-gvn-EVDO01-IIAV002_IAV001000030-large_11.xml	r_176
0011_urn-gvn-EVDO01-IIAV002_IAV001000030-large_11.xml	r_181
0011_urn-gvn-EVDO01-IIAV002_IAV001000030-large_11.xml	r_186
0011_urn-gvn-EVDO01-IIAV002_IAV001000030-large_11.xml	r_191
0011_urn-gvn-EVDO01-IIAV002_IAV001000030-large_11.xml	r_196
0011_urn-gvn-EVDO01-IIAV002_IAV001000030-large_11.xml	r_201
0011_urn-gvn-EVDO01-IIAV002_IAV001000030-large_11.xml	r_206
0011_urn-gvn-EVDO01-IIAV002_IAV001000030-large_11.xml	r_211
0011_urn-gvn-EVDO01-IIAV002_IAV001000030-large_11.xml	r_216
0011_urn-gvn-EVDO01-IIAV002_IAV001000030-large_11.xml	r_221
0011_urn-gvn-EVDO01-IIAV002_IAV001000030-large_11.xml	r_226
0011_urn-gvn-EVDO01-IIAV002_IAV001000030-large_11.xml	r_231
0011_urn-gvn-EVDO01-IIAV002_IAV001000030-large_11.xml	r_236
0011_urn-gvn-EVDO01-IIAV002_IAV001000030-large_11.xml	r_241
0011_urn-gvn-EVDO01-IIAV002_IAV001000030-large_11.xml	r_246
0011_urn-gvn-EVDO01-IIAV002_IAV001000030-large_11.xml	r_251
0011_urn-gvn-EVDO01-IIAV002_IAV001000030-large_11.xml	r_256
0011_urn-gvn-EVDO01-IIAV002_IAV001000030-large_11.xml	r_261
0011_urn-gvn-EVDO01-IIAV002_IAV001000030-large_11.xml	r_266
0011_urn-gvn-EVDO01-IIAV002_IAV001000030-large_11.xml	r_271
0011_urn-gvn-EVDO01-IIAV002_IAV001000030-large_11.xml	r_276"
59,4,,,0013_urn-gvn-EVDO01-IIAV002_IAV001000030-large_13.xml r
60,4,Ik ga op visite,,"0013_urn-gvn-EVDO01-IIAV002_IAV001000030-large_13.xml	r_66
0013_urn-gvn-EVDO01-IIAV002_IAV001000030-large_13.xml	r_71
0013_urn-gvn-EVDO01-IIAV002_IAV001000030-large_13.xml	r_76
0013_urn-gvn-EVDO01-IIAV002_IAV001000030-large_13.xml	r_81
0013_urn-gvn-EVDO01-IIAV002_IAV001000030-large_13.xml	r_86
0013_urn-gvn-EVDO01-IIAV002_IAV001000030-large_13.xml	r_91
0013_urn-gvn-EVDO01-IIAV002_IAV001000030-large_13.xml	r_96
0013_urn-gvn-EVDO01-IIAV002_IAV001000030-large_13.xml	r_101
0013_urn-gvn-EVDO01-IIAV002_IAV001000030-large_13.xml	r_106
0013_urn-gvn-EVDO01-IIAV002_IAV001000030-large_13.xml	r_111"
61,4,U bent onfeilbaar,,"0014_urn-gvn-EVDO01-IIAV002_IAV001000030-large_14.xml	r_725
0014_urn-gvn-EVDO01-IIAV002_IAV001000030-large_14.xml	r_1185"
62,4,Oorlogswinter 1944,1944-12,"0014_urn-gvn-EVDO01-IIAV002_IAV001000030-large_14.xml	r_1186
0014_urn-gvn-EVDO01-IIAV002_IAV001000030-large_14.xml	r
0014_urn-gvn-EVDO01-IIAV002_IAV001000030-large_14.xml	r_733
0014_urn-gvn-EVDO01-IIAV002_IAV001000030-large_14.xml	r_341
0014_urn-gvn-EVDO01-IIAV002_IAV001000030-large_14.xml	r_775
0014_urn-gvn-EVDO01-IIAV002_IAV001000030-large_14.xml	r_784
0014_urn-gvn-EVDO01-IIAV002_IAV001000030-large_14.xml	r_793
0014_urn-gvn-EVDO01-IIAV002_IAV001000030-large_14.xml	r_802
0014_urn-gvn-EVDO01-IIAV002_IAV001000030-large_14.xml	r_811
0014_urn-gvn-EVDO01-IIAV002_IAV001000030-large_14.xml	r_820
0014_urn-gvn-EVDO01-IIAV002_IAV001000030-large_14.xml	r_829
0014_urn-gvn-EVDO01-IIAV002_IAV001000030-large_14.xml	r_838
0014_urn-gvn-EVDO01-IIAV002_IAV001000030-large_14.xml	r_847
0014_urn-gvn-EVDO01-IIAV002_IAV001000030-large_14.xml	r_856
0014_urn-gvn-EVDO01-IIAV002_IAV001000030-large_14.xml	r_865
0014_urn-gvn-EVDO01-IIAV002_IAV001000030-large_14.xml	r_874
0014_urn-gvn-EVDO01-IIAV002_IAV001000030-large_14.xml	r_883
0014_urn-gvn-EVDO01-IIAV002_IAV001000030-large_14.xml	r_892
0014_urn-gvn-EVDO01-IIAV002_IAV001000030-large_14.xml	r_901
0014_urn-gvn-EVDO01-IIAV002_IAV001000030-large_14.xml	r_342"
63,4,Rozenstraat,1944-10,"0015_urn-gvn-EVDO01-IIAV002_IAV001000030-large_15.xml	r
0015_urn-gvn-EVDO01-IIAV002_IAV001000030-large_15.xml	r_21
0015_urn-gvn-EVDO01-IIAV002_IAV001000030-large_15.xml	r_16
0015_urn-gvn-EVDO01-IIAV002_IAV001000030-large_15.xml	r_26"
64,4,Nomade,1944-12-21,"0016_urn-gvn-EVDO01-IIAV002_IAV001000030-large_16.xml	r
0016_urn-gvn-EVDO01-IIAV002_IAV001000030-large_16.xml	r_643
0016_urn-gvn-EVDO01-IIAV002_IAV001000030-large_16.xml	r_655
0016_urn-gvn-EVDO01-IIAV002_IAV001000030-large_16.xml	r_656
0016_urn-gvn-EVDO01-IIAV002_IAV001000030-large_16.xml	r_651
0016_urn-gvn-EVDO01-IIAV002_IAV001000030-large_16.xml	r_659
0016_urn-gvn-EVDO01-IIAV002_IAV001000030-large_16.xml	r_672
0016_urn-gvn-EVDO01-IIAV002_IAV001000030-large_16.xml	r_673
0017_urn-gvn-EVDO01-IIAV002_IAV001000030-large_17.xml	r
0017_urn-gvn-EVDO01-IIAV002_IAV001000030-large_17.xml	r_963"
65,4,De boer op.,1944-12-22,"0017_urn-gvn-EVDO01-IIAV002_IAV001000030-large_17.xml	r_987
0017_urn-gvn-EVDO01-IIAV002_IAV001000030-large_17.xml	r_988
0018_urn-gvn-EVDO01-IIAV002_IAV001000030-large_18.xml	tr_1
0018_urn-gvn-EVDO01-IIAV002_IAV001000030-large_18.xml	r
0018_urn-gvn-EVDO01-IIAV002_IAV001000030-large_18.xml	r_861"
66,1,Een Woord Tot de Jongeren,1940,"0002_urn-gvn-EVDO01-VMA01_KBN007000011-large_002.xml	r_429
0002_urn-gvn-EVDO01-VMA01_KBN007000011-large_002.xml	r_438
0002_urn-gvn-EVDO01-VMA01_KBN007000011-large_002.xml	r_484
0002_urn-gvn-EVDO01-VMA01_KBN007000011-large_002.xml	r_475
0002_urn-gvn-EVDO01-VMA01_KBN007000011-large_002.xml	r_493
0002_urn-gvn-EVDO01-VMA01_KBN007000011-large_002.xml	r_502
0002_urn-gvn-EVDO01-VMA01_KBN007000011-large_002.xml	r_511"
67,1,Het nieuwe Wilhelmus,1940-05-10,"0003_urn-gvn-EVDO01-VMA01_KBN007000011-large_003.xml	r_9
0003_urn-gvn-EVDO01-VMA01_KBN007000011-large_003.xml	r_54
0003_urn-gvn-EVDO01-VMA01_KBN007000011-large_003.xml	r_63
0003_urn-gvn-EVDO01-VMA01_KBN007000011-large_003.xml	r_81
0003_urn-gvn-EVDO01-VMA01_KBN007000011-large_003.xml	r_90
0003_urn-gvn-EVDO01-VMA01_KBN007000011-large_003.xml	r_128
0003_urn-gvn-EVDO01-VMA01_KBN007000011-large_003.xml	r_146
0003_urn-gvn-EVDO01-VMA01_KBN007000011-large_003.xml	r_182
0003_urn-gvn-EVDO01-VMA01_KBN007000011-large_003.xml	r_209
0004_urn-gvn-EVDO01-VMA01_KBN007000011-large_004.xml	r
0004_urn-gvn-EVDO01-VMA01_KBN007000011-large_004.xml	r_2038
0004_urn-gvn-EVDO01-VMA01_KBN007000011-large_004.xml	r_2461
0004_urn-gvn-EVDO01-VMA01_KBN007000011-large_004.xml	r_2462"
68,1,Versje.,1941,"0033_urn-gvn-EVDO01-VMA01_KBN007000011-large_033.xml	r
0033_urn-gvn-EVDO01-VMA01_KBN007000011-large_033.xml	r_1156
0033_urn-gvn-EVDO01-VMA01_KBN007000011-large_033.xml	r_1165
0033_urn-gvn-EVDO01-VMA01_KBN007000011-large_033.xml	r_2279"
69,1,De Duce!,1941,"0033_urn-gvn-EVDO01-VMA01_KBN007000011-large_033.xml	r_2280
0033_urn-gvn-EVDO01-VMA01_KBN007000011-large_033.xml	r_2768
0033_urn-gvn-EVDO01-VMA01_KBN007000011-large_033.xml	tr_1
0033_urn-gvn-EVDO01-VMA01_KBN007000011-large_033.xml	r_2769
0033_urn-gvn-EVDO01-VMA01_KBN007000011-large_033.xml	r_3820
0033_urn-gvn-EVDO01-VMA01_KBN007000011-large_033.xml	r_3821
0033_urn-gvn-EVDO01-VMA01_KBN007000011-large_033.xml	tr_4
0033_urn-gvn-EVDO01-VMA01_KBN007000011-large_033.xml	r_4187
0033_urn-gvn-EVDO01-VMA01_KBN007000011-large_033.xml	r_4188
0034_urn-gvn-EVDO01-VMA01_KBN007000011-large_034.xml	r_157
0034_urn-gvn-EVDO01-VMA01_KBN007000011-large_034.xml	r_18
0034_urn-gvn-EVDO01-VMA01_KBN007000011-large_034.xml	r_27"
70,1,,,"0034_urn-gvn-EVDO01-VMA01_KBN007000011-large_034.xml	r_45
0034_urn-gvn-EVDO01-VMA01_KBN007000011-large_034.xml	r_1915"
71,1,Gebeurtenissen,1941-03-27,"0034_urn-gvn-EVDO01-VMA01_KBN007000011-large_034.xml	r_175
0034_urn-gvn-EVDO01-VMA01_KBN007000011-large_034.xml	r_72
0034_urn-gvn-EVDO01-VMA01_KBN007000011-large_034.xml	r_90
0034_urn-gvn-EVDO01-VMA01_KBN007000011-large_034.xml	r_184
0034_urn-gvn-EVDO01-VMA01_KBN007000011-large_034.xml	r_99"
72,1,Gebeurtenissen,1941-04,"0034_urn-gvn-EVDO01-VMA01_KBN007000011-large_034.xml	r_193
0034_urn-gvn-EVDO01-VMA01_KBN007000011-large_034.xml	r_108"
73,1,Gebeurtenissen,1941-05,"0034_urn-gvn-EVDO01-VMA01_KBN007000011-large_034.xml	r_202
0034_urn-gvn-EVDO01-VMA01_KBN007000011-large_034.xml	r_1912
0034_urn-gvn-EVDO01-VMA01_KBN007000011-large_034.xml	r_220
0034_urn-gvn-EVDO01-VMA01_KBN007000011-large_034.xml	r"
74,1,Gebeurtenissen,1941-05-12,"0034_urn-gvn-EVDO01-VMA01_KBN007000011-large_034.xml	r_229
0034_urn-gvn-EVDO01-VMA01_KBN007000011-large_034.xml	r_126"
75,1,Distributiebonnen,1940,"0037_urn-gvn-EVDO01-VMA01_KBN007000011-large_037.xml	r_11
0037_urn-gvn-EVDO01-VMA01_KBN007000011-large_037.xml	r_82
0037_urn-gvn-EVDO01-VMA01_KBN007000011-large_037.xml	r_91
0037_urn-gvn-EVDO01-VMA01_KBN007000011-large_037.xml	r_100
0037_urn-gvn-EVDO01-VMA01_KBN007000011-large_037.xml	r_109
0037_urn-gvn-EVDO01-VMA01_KBN007000011-large_037.xml	r_118
0037_urn-gvn-EVDO01-VMA01_KBN007000011-large_037.xml	r_127
0037_urn-gvn-EVDO01-VMA01_KBN007000011-large_037.xml	r_150
0037_urn-gvn-EVDO01-VMA01_KBN007000011-large_037.xml	r_159
0037_urn-gvn-EVDO01-VMA01_KBN007000011-large_037.xml	r_168
0037_urn-gvn-EVDO01-VMA01_KBN007000011-large_037.xml	r_177
0037_urn-gvn-EVDO01-VMA01_KBN007000011-large_037.xml	r_186
0037_urn-gvn-EVDO01-VMA01_KBN007000011-large_037.xml	r_195"
76,1,Peter de Grote,1941-09,"0037_urn-gvn-EVDO01-VMA01_KBN007000011-large_037.xml	r_222
0037_urn-gvn-EVDO01-VMA01_KBN007000011-large_037.xml	r_231
0037_urn-gvn-EVDO01-VMA01_KBN007000011-large_037.xml	r_240
0037_urn-gvn-EVDO01-VMA01_KBN007000011-large_037.xml	r_249"
77,1,"10 Mei, 1941.",1941-05-10,"0037_urn-gvn-EVDO01-VMA01_KBN007000011-large_037.xml	r_426
0037_urn-gvn-EVDO01-VMA01_KBN007000011-large_037.xml	r_427
0038_urn-gvn-EVDO01-VMA01_KBN007000011-large_038.xml	r_22"
78,1,Advertenties,1941-07,"0039_urn-gvn-EVDO01-VMA01_KBN007000011-large_039.xml	r_9
0039_urn-gvn-EVDO01-VMA01_KBN007000011-large_039.xml	r_27
0039_urn-gvn-EVDO01-VMA01_KBN007000011-large_039.xml	r_36"
79,1,1941.,1941-08-31,"0042_urn-gvn-EVDO01-VMA01_KBN007000011-large_042.xml	r_9
0042_urn-gvn-EVDO01-VMA01_KBN007000011-large_042.xml	r_18
0042_urn-gvn-EVDO01-VMA01_KBN007000011-large_042.xml	r_27
0042_urn-gvn-EVDO01-VMA01_KBN007000011-large_042.xml	r_36"
80,1,Dineertje bij Coks in Delft,1942-01-31,"0047_urn-gvn-EVDO01-VMA01_KBN007000011-large_047.xml	r_9
0047_urn-gvn-EVDO01-VMA01_KBN007000011-large_047.xml	r_18
0047_urn-gvn-EVDO01-VMA01_KBN007000011-large_047.xml	r_27"
81,1,Gebeurtenissen,1943-01,"0057_urn-gvn-EVDO01-VMA01_KBN007000011-large_057.xml	r_1088
0057_urn-gvn-EVDO01-VMA01_KBN007000011-large_057.xml	r_1097
0057_urn-gvn-EVDO01-VMA01_KBN007000011-large_057.xml	r_1392"
82,1,Gebeurtenissen,1943-02,"0057_urn-gvn-EVDO01-VMA01_KBN007000011-large_057.xml	r
0057_urn-gvn-EVDO01-VMA01_KBN007000011-large_057.xml	r_5784
0057_urn-gvn-EVDO01-VMA01_KBN007000011-large_057.xml	r_5785"
83,1,Gebeurtenissen,1943-03,"0057_urn-gvn-EVDO01-VMA01_KBN007000011-large_057.xml	r_5964
0057_urn-gvn-EVDO01-VMA01_KBN007000011-large_057.xml	r_5965"
84,1,Gebeurtenissen,1943-04,"0057_urn-gvn-EVDO01-VMA01_KBN007000011-large_057.xml	r_6207
0057_urn-gvn-EVDO01-VMA01_KBN007000011-large_057.xml	r_6208"
85,1,Gebeurtenissen,1943-04-30,"0057_urn-gvn-EVDO01-VMA01_KBN007000011-large_057.xml	r_6367
0057_urn-gvn-EVDO01-VMA01_KBN007000011-large_057.xml	r_6368"
86,1,Gebeurtenissen,1943-05,"0057_urn-gvn-EVDO01-VMA01_KBN007000011-large_057.xml	r_6587
0057_urn-gvn-EVDO01-VMA01_KBN007000011-large_057.xml	r_6588"
87,1,Gebeurtenissen,1943-05-06,"0057_urn-gvn-EVDO01-VMA01_KBN007000011-large_057.xml	r_6747
0057_urn-gvn-EVDO01-VMA01_KBN007000011-large_057.xml	r_6748
0058_urn-gvn-EVDO01-VMA01_KBN007000011-large_058.xml	region_1711489639785_313
0058_urn-gvn-EVDO01-VMA01_KBN007000011-large_058.xml	region_1711489883212_362
0058_urn-gvn-EVDO01-VMA01_KBN007000011-large_058.xml	tr_1"
88,1,Gebeurtenissen,1943-06,"0058_urn-gvn-EVDO01-VMA01_KBN007000011-large_058.xml	region_1711490097998_438
0058_urn-gvn-EVDO01-VMA01_KBN007000011-large_058.xml	region_1711490087251_432"
89,1,Gebeurtenissen,1943-06-29,"0058_urn-gvn-EVDO01-VMA01_KBN007000011-large_058.xml	region_1711490100212_441
0058_urn-gvn-EVDO01-VMA01_KBN007000011-large_058.xml	region_1711490094863_435
0058_urn-gvn-EVDO01-VMA01_KBN007000011-large_058.xml	region_1711490208986_483
0058_urn-gvn-EVDO01-VMA01_KBN007000011-large_058.xml	tr_2"
90,1,Gebeurtenissen,1943-07,"0058_urn-gvn-EVDO01-VMA01_KBN007000011-large_058.xml	region_1711490211135_486
0058_urn-gvn-EVDO01-VMA01_KBN007000011-large_058.xml	region_1711490233379_504"
91,1,Gebeurtenissen,1943-07-10,"0058_urn-gvn-EVDO01-VMA01_KBN007000011-large_058.xml	region_1711490213040_489
0058_urn-gvn-EVDO01-VMA01_KBN007000011-large_058.xml	region_1711490237309_507"
92,1,Gebeurtenissen,1943-07-26,"0058_urn-gvn-EVDO01-VMA01_KBN007000011-large_058.xml	region_1711490215058_492
0058_urn-gvn-EVDO01-VMA01_KBN007000011-large_058.xml	region_1711490241488_510"
93,1,Gebeurtenissen,1943-08,"0058_urn-gvn-EVDO01-VMA01_KBN007000011-large_058.xml	region_1711490219700_495
0058_urn-gvn-EVDO01-VMA01_KBN007000011-large_058.xml	region_1711490250929_513"
94,1,Gebeurtenissen,1943-08-18,"0058_urn-gvn-EVDO01-VMA01_KBN007000011-large_058.xml	region_1711490221807_498
0058_urn-gvn-EVDO01-VMA01_KBN007000011-large_058.xml	region_1711490257882_516"
95,1,Gebeurtenissen,1943-08-23,"0058_urn-gvn-EVDO01-VMA01_KBN007000011-large_058.xml	region_1711490225558_501
0058_urn-gvn-EVDO01-VMA01_KBN007000011-large_058.xml	region_1711490262219_519"
96,1,Uitgegooid door de R.A.F. boven Duitsland.,1943,"0069_urn-gvn-EVDO01-VMA01_KBN007000011-large_069.xml	r_9
0069_urn-gvn-EVDO01-VMA01_KBN007000011-large_069.xml	r_206
0069_urn-gvn-EVDO01-VMA01_KBN007000011-large_069.xml	r_215"
97,1,Gebeurtenissen,1943-08-26,"0069_urn-gvn-EVDO01-VMA01_KBN007000011-large_069.xml	r_18
0069_urn-gvn-EVDO01-VMA01_KBN007000011-large_069.xml	r_45
0069_urn-gvn-EVDO01-VMA01_KBN007000011-large_069.xml	r_99
0069_urn-gvn-EVDO01-VMA01_KBN007000011-large_069.xml	r_108"
98,1,Gebeurtenissen,1943-08-28,"0069_urn-gvn-EVDO01-VMA01_KBN007000011-large_069.xml	r_117
0069_urn-gvn-EVDO01-VMA01_KBN007000011-large_069.xml	r_126"
99,1,Gebeurtenissen,1943-08-30,"0069_urn-gvn-EVDO01-VMA01_KBN007000011-large_069.xml	r_144
0069_urn-gvn-EVDO01-VMA01_KBN007000011-large_069.xml	r_153"
100,1,Gebeurtenissen,1943-09,"0069_urn-gvn-EVDO01-VMA01_KBN007000011-large_069.xml	r_162
0069_urn-gvn-EVDO01-VMA01_KBN007000011-large_069.xml	r_171"
101,1,Gebeurtenissen,1943-10,"0069_urn-gvn-EVDO01-VMA01_KBN007000011-large_069.xml	r_180
0069_urn-gvn-EVDO01-VMA01_KBN007000011-large_069.xml	r_189
0069_urn-gvn-EVDO01-VMA01_KBN007000011-large_069.xml	r_233
0069_urn-gvn-EVDO01-VMA01_KBN007000011-large_069.xml	r_242"
102,1,C L XVII,1945,"0086_urn-gvn-EVDO01-VMA01_KBN007000011-large_086.xml	r_2638
0086_urn-gvn-EVDO01-VMA01_KBN007000011-large_086.xml	r_1773
0087_urn-gvn-EVDO01-VMA01_KBN007000011-large_087.xml	r_18
0087_urn-gvn-EVDO01-VMA01_KBN007000011-large_087.xml	r_36"
103,1,Voor later.,1945,"0101_urn-gvn-EVDO01-VMA01_KBN007000011-large_101.xml	r_18
0101_urn-gvn-EVDO01-VMA01_KBN007000011-large_101.xml	r_27
0101_urn-gvn-EVDO01-VMA01_KBN007000011-large_101.xml	r_36
0101_urn-gvn-EVDO01-VMA01_KBN007000011-large_101.xml	r_102
0101_urn-gvn-EVDO01-VMA01_KBN007000011-large_101.xml	r_111"
104,1,Advertenties,1945-01,"0102_urn-gvn-EVDO01-VMA01_KBN007000011-large_102.xml	r_18
0102_urn-gvn-EVDO01-VMA01_KBN007000011-large_102.xml	r_71
0102_urn-gvn-EVDO01-VMA01_KBN007000011-large_102.xml	r_80
0102_urn-gvn-EVDO01-VMA01_KBN007000011-large_102.xml	r_89
0102_urn-gvn-EVDO01-VMA01_KBN007000011-large_102.xml	r_98
0103_urn-gvn-EVDO01-VMA01_KBN007000011-large_103.xml	r_22
0103_urn-gvn-EVDO01-VMA01_KBN007000011-large_103.xml	r_31"
